"0","# Filter out and cast GEOMETRYCOLLECTION types to MULTIPOLYGON"
"0","geometry_collections <- dc_data_1[st_geometry_type(dc_data_1) == ""GEOMETRYCOLLECTION"", ]"
"0","casted_polygons <- st_cast(geometry_collections, ""MULTIPOLYGON"")"
"0",""
"0",""
"0","# Combine the casted polygons with the original POLYGON and MULTIPOLYGON geometries"
"0","valid_geometries <- dc_data_1[st_geometry_type(dc_data_1) %in% c(""POLYGON"", ""MULTIPOLYGON""), ]"
"0","dc_data_polygons <- rbind(valid_geometries, casted_polygons)"
