"0","# Reproject combined_new_geometries to match the CRS of usa_data"
"0","combined_new_geometries <- st_transform(combined_new_geometries, st_crs(usa_data))"
"0",""
"0","# Loop through each entry in combined_new_geometries"
"0","for(i in 1:nrow(combined_new_geometries)) {"
"0","  # Get the current GEOID and its corresponding geometry"
"0","  current_geoid <- combined_new_geometries$GEOID[i]"
"0","  current_geometry <- combined_new_geometries$geometry[i]"
"0","  "
"0","  # Find the matching index in usa_data"
"0","  match_index <- which(usa_data$""Census tract 2010 ID"" == current_geoid)"
"0","  "
"0","  # Update the geometry in usa_data"
"0","  if(length(match_index) > 0) {"
"0","    usa_data$geometry[match_index] <- current_geometry"
"0","  }"
"0","}"
