{
  "hash": "596aefdec52be9ff3e52ca7f768c4994",
  "result": {
    "markdown": "---\ntitle: \"Harmonizing Data: A Decade in Music\"\nformat: html\n---\n\n\n# **Harmonizing Data: A Decade in Music**\n\nWelcome to '***Harmonizing Data: A Decade in Music***,' where we dive into a decade's worth of music data to uncover evolving trends and patterns. This interactive dashboard brings to life a comprehensive analysis of music albums and song lyrics from 2013 to 2023, utilizing advanced data science techniques.\n\nOne of our key methods is K-means clustering, a powerful algorithm used to group albums based on similarities in audio features like 'acousticness', 'energy', 'loudness', 'danceability', 'instrumentalness', 'speechiness', 'valence', and 'tempo' for a track.\n\nThrough this, we explore how albums cluster together and what these clusters reveal about the music landscape. Accompanying this is our text analysis of song lyrics, where we delve into the words and themes that define a decade of music.\n\nJoin us as we unravel the story behind the data, offering insights into the dynamics of the music industry through an interactive and engaging experience.\n\n\n::: {.cell}\n\n```{.r .cell-code}\n1 + 1\n```\n\n::: {.cell-output .cell-output-stdout}\n```\n[1] 2\n```\n:::\n:::\n",
    "supporting": [],
    "filters": [
      "rmarkdown/pagebreak.lua"
    ],
    "includes": {},
    "engineDependencies": {},
    "preserve": {},
    "postProcess": true
  }
}