{
  "hash": "6737b33869ba9bf3cc8ab41a84e69755",
  "result": {
    "markdown": "---\ntitle: \"About\"\n---\n\n\nWelcome to '***Harmonizing Data: A Decade in Music***,' where we dive into a decade's worth of music data to uncover evolving trends and patterns. This interactive dashboard brings to life a comprehensive analysis of music albums and song lyrics from 2013 to 2023, utilizing advanced data science techniques.\n\nOne of our key methods is **K-means clustering**, a powerful algorithm used to group albums based on similarities in audio features like '*acousticness', 'energy', 'loudness', 'danceability', 'instrumentalness', 'speechiness', 'valence', and 'tempo'* for a track.\n\nThrough this, we explore how albums cluster together and what these clusters reveal about the music landscape. Accompanying this is our text analysis of song lyrics, where we delve into the words and themes that define a decade of music.\n\nJoin us as we unravel the story behind the data, offering insights into the dynamics of the music industry through an interactive and engaging experience.\n\n### Data Sources\n\n#### Our analysis is powered by data from various sources , we used\n\n1.  Billboard's 10 years of Hot 100 Songs\n\n2.  Genius for Lyrics\n\n3.  Spotify and Discogg for Music features and Album Details\n\n![](images/Spotify_Logo_CMYK_Green.png){width=\"236\"}\\\n\n![](images/Billboard-logo-magazine.jpg){width=\"266\"}\n\n![](images/Discogs_logo_black.svg.png){width=\"312\"}\n\n![](images/Geniusapi.png)\n\n**Here's a visual representation of the distribution of various audio features across all albums in our dataset.**\n\n**Each histogram depicts the frequency of albums with specific levels of a given feature, and the overlaid density plot smoothens the distribution to highlight the shape of the data. The red dashed line indicates the average value of each feature, providing a benchmark for comparison.**\n\n\n::: {.cell}\n\n:::\n\n\n\\\n\n![](images/plot _feature-01.png){width=\"736\" height=\"538\"}\n\nThe histograms displayed here showcase the diversity of audio features found in a decade's worth of music. These features, which include Acousticness, Energy, Loudness, Danceability, Instrumentalness, Speechiness, Valence, and Tempo, are key to understanding what makes each song unique. The density plots provide a smooth curve representing the distribution of each feature, while the red dashed lines mark the mean, serving as a quick reference to the typical values within each feature's range.\n\nBy examining these distributions, we gain insights into the common audio profiles of popular music tracks and how they contribute to the listener's experience.\n",
    "supporting": [
      "about_files"
    ],
    "filters": [
      "rmarkdown/pagebreak.lua"
    ],
    "includes": {},
    "engineDependencies": {},
    "preserve": {},
    "postProcess": true
  }
}