"0","# Load necessary library"
"0","library(sf)"
"0","library(dplyr)"
"0",""
"0","# Check CRS of both datasets"
"0","print(st_crs(usa_data))"
"1","Coordinate Reference System:"
"1","
"
"1","  User input:"
"1"," "
"1","EPSG:4326"
"1"," "
"1","
"
"1","  wkt:
"
"1",""
"1","GEOGCRS[""WGS 84"",
    ENSEMBLE[""World Geodetic System 1984 ensemble"",
        MEMBER[""World Geodetic System 1984 (Transit)""],
        MEMBER[""World Geodetic System 1984 (G730)""],
        MEMBER[""World Geodetic System 1984 (G873)""],
        MEMBER[""World Geodetic System 1984 (G1150)""],
        MEMBER[""World Geodetic System 1984 (G1674)""],
        MEMBER[""World Geodetic System 1984 (G1762)""],
        MEMBER[""World Geodetic System 1984 (G2139)""],
        ELLIPSOID[""WGS 84"",6378137,298.257223563,
            LENGTHUNIT[""metre"",1]],
        ENSEMBLEACCURACY[2.0]],
    PRIMEM[""Greenwich"",0,
        ANGLEUNIT[""degree"",0.0174532925199433]],
    CS[ellipsoidal,2],
        AXIS[""geodetic latitude (Lat)"",north,
            ORDER[1],
            ANGLEUNIT[""degree"",0.0174532925199433]],
        AXIS[""geodetic longitude (Lon)"",east,
            ORDER[2],
            ANGLEUNIT[""degree"",0.0174532925199433]],
    USAGE[
        SCOPE[""Horizontal component of 3D system.""],
        AREA[""World.""],
        BBOX[-90,-180,90,180]],
    ID[""EPSG"",4326]]"
"1",""
"1","
"
"0","print(st_crs(combined_new_geometries))"
"1","Coordinate Reference System:"
"1","
"
"1","  User input:"
"1"," "
"1","NAD83"
"1"," "
"1","
"
"1","  wkt:
"
"1",""
"1","GEOGCRS[""NAD83"",
    DATUM[""North American Datum 1983"",
        ELLIPSOID[""GRS 1980"",6378137,298.257222101,
            LENGTHUNIT[""metre"",1]]],
    PRIMEM[""Greenwich"",0,
        ANGLEUNIT[""degree"",0.0174532925199433]],
    CS[ellipsoidal,2],
        AXIS[""latitude"",north,
            ORDER[1],
            ANGLEUNIT[""degree"",0.0174532925199433]],
        AXIS[""longitude"",east,
            ORDER[2],
            ANGLEUNIT[""degree"",0.0174532925199433]],
    ID[""EPSG"",4269]]"
"1",""
"1","
"
