{"chunk_definitions":[{"row":24,"row_count":1,"visible":true,"expansion_state":0,"options":{"engine":"r","label":"setup","include":false},"document_id":"49C2FB4D","chunk_id":"csetup_chunk","chunk_label":"setup"},{"row":256,"row_count":1,"visible":true,"expansion_state":0,"options":{"engine":"r","label":"unnamed-chunk-319"},"document_id":"49C2FB4D","chunk_id":"c7x9jtd4u0s21","chunk_label":"unnamed-chunk-20"},{"row":267,"row_count":1,"visible":true,"expansion_state":0,"options":{"engine":"r","label":"unnamed-chunk-320"},"document_id":"49C2FB4D","chunk_id":"cfkh2865p6pqe","chunk_label":"unnamed-chunk-21"},{"row":277,"row_count":1,"visible":true,"expansion_state":0,"options":{"engine":"r","label":"unnamed-chunk-321"},"document_id":"49C2FB4D","chunk_id":"cxpz9eqx93v8d","chunk_label":"unnamed-chunk-22"},{"row":284,"row_count":1,"visible":true,"expansion_state":0,"options":{"engine":"r","label":"unnamed-chunk-322"},"document_id":"49C2FB4D","chunk_id":"c178xvsy4f5tl","chunk_label":"unnamed-chunk-23"},{"row":306,"row_count":1,"visible":true,"expansion_state":0,"options":{"engine":"r","label":"unnamed-chunk-299"},"document_id":"49C2FB4D","chunk_id":"c7xomwbmdjzvv","chunk_label":"unnamed-chunk-24"},{"row":333,"row_count":1,"visible":true,"expansion_state":1,"options":{"engine":"r","label":"unnamed-chunk-323"},"document_id":"49C2FB4D","chunk_id":"cfdbftrvfqjop","chunk_label":"unnamed-chunk-25"},{"row":342,"row_count":1,"visible":true,"expansion_state":0,"options":{"engine":"r","label":"unnamed-chunk-301"},"document_id":"49C2FB4D","chunk_id":"c38j3winfgs46","chunk_label":"unnamed-chunk-26"},{"row":349,"row_count":1,"visible":true,"expansion_state":0,"options":{"engine":"r","label":"unnamed-chunk-325"},"document_id":"49C2FB4D","chunk_id":"cymet2naw9tix","chunk_label":"unnamed-chunk-27"},{"row":362,"row_count":1,"visible":true,"expansion_state":1,"options":{"engine":"r","label":"unnamed-chunk-326"},"document_id":"49C2FB4D","chunk_id":"cfo561z7hpt8g","chunk_label":"unnamed-chunk-28"},{"row":386,"row_count":1,"visible":true,"expansion_state":0,"options":{"engine":"r","label":"unnamed-chunk-327"},"document_id":"49C2FB4D","chunk_id":"cjrgkm27zu6x0","chunk_label":"unnamed-chunk-29"},{"row":393,"row_count":1,"visible":true,"expansion_state":1,"options":{"engine":"r","label":"unnamed-chunk-329"},"document_id":"49C2FB4D","chunk_id":"cloxh1ns5m12r","chunk_label":"unnamed-chunk-30"},{"row":405,"row_count":1,"visible":true,"expansion_state":0,"options":{"engine":"r","label":"unnamed-chunk-333"},"document_id":"92FD7381","chunk_id":"cicb7ag9akrbm","chunk_label":"unnamed-chunk-31"},{"row":419,"row_count":1,"visible":true,"expansion_state":0,"options":{"engine":"r","label":"unnamed-chunk-334"},"document_id":"92FD7381","chunk_id":"cau08dk46po1x","chunk_label":"unnamed-chunk-32"},{"row":427,"row_count":1,"visible":true,"expansion_state":0,"options":{"engine":"r","label":"unnamed-chunk-335"},"document_id":"92FD7381","chunk_id":"ce55b1yh7asdw","chunk_label":"unnamed-chunk-33"},{"row":454,"row_count":1,"visible":true,"expansion_state":0,"options":{"engine":"r","label":"unnamed-chunk-336"},"document_id":"92FD7381","chunk_id":"co86q8emnw81b","chunk_label":"unnamed-chunk-34"},{"row":475,"row_count":1,"visible":true,"expansion_state":0,"options":{"engine":"r","label":"unnamed-chunk-337"},"document_id":"92FD7381","chunk_id":"cafpzt1k72l1i","chunk_label":"unnamed-chunk-35"},{"row":484,"row_count":1,"visible":true,"expansion_state":0,"options":{"engine":"r","label":"unnamed-chunk-338"},"document_id":"92FD7381","chunk_id":"c2z3p6vbx2su1","chunk_label":"unnamed-chunk-36"}],"doc_write_time":1701704085}