"0","# Load the necessary library"
"0","library(leaflet)"
"0",""
"0","# Create a color palette"
"0","pal <- colorNumeric(palette = ""viridis"", domain = dc_data_polygons$`Identified as disadvantaged`)"
"0",""
"0","# Create a leaflet map"
"0","leaflet(dc_data_polygons) %>% "
"0","  addProviderTiles(providers$CartoDB.Positron) %>% "
"0","  addPolygons(fillColor = ~pal(`Identified as disadvantaged`),"
"0","              color = ""#444444"", "
"0","              weight = 1, "
"0","              smoothFactor = 0.5,"
"0","              opacity = 1.0, "
"0","              fillOpacity = 0.5,"
"0","              highlightOptions = highlightOptions(color = ""white"", weight = 2,"
"0","                                                  bringToFront = TRUE)) %>%"
"0","  addLegend(""bottomright"", "
"0","            pal = pal, "
"0","            values = ~`Identified as disadvantaged`,"
"0","            title = ""Identified as Disadvantaged"")"
