"0","# Initialize an empty list to store new geometries"
"0","#new_geometries <- list()"
"0",""
"0","# Iterate through geo_collections"
"0","#for (i in seq_len(nrow(geo_collections))) {"
"0","  # Extract the GEOID and State/Territory"
"0","#  current_id <- geo_collections$""Census tract 2010 ID""[i]"
"0","#  current_state <- geo_collections$""State/Territory""[i]"
"0",""
"0","  # Fetch the geometry for the specific ID from tigris"
"0","  # Adjust the tracts function call as per your requirement"
"0"," # state_tracts <- tracts(state = current_state, class = ""sf"")"
"0","  #new_geom <- state_tracts[state_tracts$GEOID == current_id, ]"
"0",""
"0","  # Store the new geometry"
"0","  #new_geometries[[current_id]] <- new_geom}"
