"0","# Load necessary library"
"0","library(sf)"
"0",""
"0","# Filter out GEOMETRYCOLLECTION types and cast to MULTIPOLYGON"
"0","geometry_collections <- usa_data[st_geometry_type(usa_data) == ""GEOMETRYCOLLECTION"", ]"
"0","casted_polygons <- st_cast(geometry_collections, ""MULTIPOLYGON"")"
"0",""
"0","# Combine the casted polygons with the original POLYGON and MULTIPOLYGON geometries"
"0","valid_geometries <- usa_data[st_geometry_type(usa_data) %in% c(""POLYGON"", ""MULTIPOLYGON""), ]"
"0","usa_data_processed <- rbind(valid_geometries, casted_polygons)"
"0",""
"0","# Check the class of the geometries in usa_data_processed"
"0","class(usa_data_processed$geometry)"
"1","[1]"
"1"," ""sfc_GEOMETRY"""
"1"," ""sfc""         "
"1","
"
