{"title":"About","markdown":{"yaml":{"title":"About"},"headingText":"Data Sources","containsRefs":false,"markdown":"\n\nWelcome to '***Harmonizing Data: A Decade in Music***,' where we dive into a decade's worth of music data to uncover evolving trends and patterns. This interactive dashboard brings to life a comprehensive analysis of music albums and song lyrics from 2013 to 2023, utilizing advanced data science techniques.\n\nOne of our key methods is **K-means clustering**, a powerful algorithm used to group albums based on similarities in audio features like '*acousticness', 'energy', 'loudness', 'danceability', 'instrumentalness', 'speechiness', 'valence', and 'tempo'* for a track.\n\nThrough this, we explore how albums cluster together and what these clusters reveal about the music landscape. Accompanying this is our text analysis of song lyrics, where we delve into the words and themes that define a decade of music.\n\nJoin us as we unravel the story behind the data, offering insights into the dynamics of the music industry through an interactive and engaging experience.\n\n\n#### Our analysis is powered by data from various sources , we used\n\n1.  Billboard's 10 years of Hot 100 Songs\n\n2.  Genius for Lyrics\n\n3.  Spotify and Discogg for Music features and Album Details\n\n![](images/Spotify_Logo_CMYK_Green.png){width=\"236\"}\\\n\n![](images/Billboard-logo-magazine.jpg){width=\"266\"}\n\n![](images/Discogs_logo_black.svg.png){width=\"312\"}\n\n![](images/Geniusapi.png)\n\n**Here's a visual representation of the distribution of various audio features across all albums in our dataset.**\n\n**Each histogram depicts the frequency of albums with specific levels of a given feature, and the overlaid density plot smoothens the distribution to highlight the shape of the data. The red dashed line indicates the average value of each feature, providing a benchmark for comparison.**\n\n\\\n\n![](images/plot _feature-01.png){width=\"736\" height=\"538\"}\n\nThe histograms displayed here showcase the diversity of audio features found in a decade's worth of music. These features, which include Acousticness, Energy, Loudness, Danceability, Instrumentalness, Speechiness, Valence, and Tempo, are key to understanding what makes each song unique. The density plots provide a smooth curve representing the distribution of each feature, while the red dashed lines mark the mean, serving as a quick reference to the typical values within each feature's range.\n\nBy examining these distributions, we gain insights into the common audio profiles of popular music tracks and how they contribute to the listener's experience.\n\n# Clustering Analysis in 'Harmonizing Data: A Decade in Music'\n\nTo understand the evolving landscape of music over the past decade, we've employed K-means clustering, a robust algorithm ideal for grouping data based on shared characteristics. In this section, we explore how this technique has helped us identify unique patterns and groupings in music albums, based on a diverse range of audio features.\n\n## Methodology\n\nK-means clustering allows us to segment albums into distinct clusters based on their audio features such as 'acousticness', 'energy', 'loudness', 'danceability', 'instrumentalness', 'speechiness', 'valence', and 'tempo'. This unsupervised machine learning technique iteratively assigns each album to the nearest cluster, based on the similarity of its features to the cluster's centroid.\n\n## **Principal Component Analysis (PCA) of Song Features**\n\nThe PCA plot displayed here visually represents the multifaceted nature of musical tracks based on their audio features. By reducing the complexity of our dataset to two principal components, we can observe the variance and relationships between songs in a simplified two-dimensional space.\n\nEach point on the plot corresponds to a song, color-coded by its genre, allowing us to discern how different genres of music are distributed and to identify any inherent clustering. For instance, we can see how certain genres like Jazz and Blues share a similar space, suggesting commonalities in their audio characteristics. Conversely, genres like Hip Hop and Electronic are more dispersed, indicating a wider variety in their musical features.\n\nThis brings into focus the subtle yet significant differences and similarities across genres. It's a testament to the diversity of music and its ability to transcend simple categorization, reflecting a complex tapestry of rhythm, melody, and emotion that defines a decade of musical innovation.\n\n```{r, echo=FALSE}\n# Read in the data\ngenre_df <- read.csv(\"features_available_df_genre1.csv\")\n\n# Selecting relevant features for clustering\nfeature_cols <- c('danceability', 'energy', 'key', 'loudness', 'mode', 'speechiness', 'acousticness', 'instrumentalness', 'liveness', 'valence', 'tempo')\nfeatures_df <- genre_df[, feature_cols]\n\n# Standardizing the features\nscaled_features <- scale(features_df)\n\n\n# Perform PCA\npca_res <- prcomp(scaled_features)\n\n# Get the scores for the first two principal components\npca_scores <- data.frame(pca_res$x[, 1:2])\ncolnames(pca_scores) <- c('PC1', 'PC2')\n\n```\n\n```{r, echo=FALSE}\nlibrary(plotly)\n\n# Prepare the data\npca_df <- cbind(pca_scores, track=genre_df$Track, genre=genre_df$Genres, artist=genre_df$Artist)\n\n# Create the PCA plot using ggplot2\np <- ggplot(pca_df, aes(x=PC1, y=PC2, color=genre, text=paste(\"Track: \", track, \"<br>Genre: \", genre, \"<br>Artist: \", artist))) +\n    geom_point() +\n    theme_minimal() +\n    labs(title='PCA of Song Features', x='Principal Component 1', y='Principal Component 2')\n\n# Convert to an interactive plotly object\np_interactive <- ggplotly(p, tooltip=\"text\")\n\n# Display the interactive plot\np_interactive\n\n```\n\nThrough this analysis, we've uncovered fascinating patterns in how albums are grouped, shedding light on the relationships between different genres, artist styles, and the evolution of music over time.\n\n## **Determining Optimal Clusters with the Elbow Method**\n\n```{r, echo=FALSE}\nlibrary(ggplot2)\n\n# Assuming 'scaled_features' is a matrix or dataframe of your standardized features\nscaled_features <- as.matrix(scaled_features)  # Convert to matrix if it's not already\n\nwcss <- numeric(10)\nfor (i in 1:10) {\n  set.seed(22)\n  kmeans_result <- kmeans(scaled_features, centers = i, nstart = 10)\n  wcss[i] <- kmeans_result$tot.withinss\n}\n\n# Create a data frame for plotting\nelbow_data <- data.frame(\n  NumClusters = 1:10,\n  WCSS = wcss\n)\n\n# Create the elbow plot\nelbow_plot <- ggplot(elbow_data, aes(x = NumClusters, y = WCSS)) +\n  geom_line() +\n  geom_point() +\n  theme_minimal() +\n  ggtitle('Elbow Method') +\n  xlab('Number of clusters') +\n  ylab('WCSS')\n\n# Print the plot\nprint(elbow_plot)\n\n```\n\n## \n\nIn our clustering analysis, determining the optimal number of clusters is crucial for meaningful segmentation. The elbow method is a visual tool used to estimate the number of clusters in which the variance Within the clusters (WCSS) starts to diminish. In the plot, we look for a point where the decrease in WCSS slows down significantly, indicating a balance between the number of clusters and the sum of squared distances to the cluster centroids.\n\nAs we increase the number of clusters from 1 to 10, the WCSS decreases sharply at first and then begins to level off. This 'elbow' point suggests an optimal number of clusters beyond which adding more clusters does not contribute to a significant decrease in WCSS, hence providing diminishing returns.\n\nBy analyzing the elbow plot, we can select an appropriate number of clusters for K-means to segment our music data, ensuring our analysis is both robust and insightful.\n\n## **Interactive Visualization of Clusters on PCA-Reduced Data**\n\nOur dataset's dimensionality has been reduced to two principal components, providing a simplified yet informative landscape of our musical features space. To visualize how different songs group together, we apply K-means clustering and project the resulting clusters onto our PCA-reduced space.\n\nThe interactive plot below shows songs as points in this space, color-coded by their assigned cluster. By observing how these clusters form and where they are located relative to each other, we can infer the natural groupings within the dataset and even speculate on the characteristics that define each cluster.\n\nHover over the points to see additional information about each song, such as its genre, artist, and original feature values. This interactive element adds depth to our analysis, allowing us to explore the data in a more dynamic and engaging way.\n\n```{r , echo=FALSE}\n\nlibrary(cluster)\nlibrary(plotly)\nlibrary(viridis)\n\n# Assuming 'scaled_features' is your standardized features matrix/data frame\n# and 'pca_df' contains your PCA components and original data\n\n# Calculate silhouette scores for a range of k values\nk_values <- 2:10\nsilhouette_scores <- numeric(length(k_values))\n\nfor (k in k_values) {\n  set.seed(10)\n  km_res <- kmeans(scaled_features, centers = k, nstart = 10)\n  silhouette_widths <- silhouette(km_res$cluster, dist(scaled_features))\n  average_silhouette <- mean(silhouette_widths[, \"sil_width\"])\n  silhouette_scores[k-1] <- average_silhouette\n}\n\n# Convert silhouette scores to a data frame for plotting\nsilhouette_data <- data.frame(K = k_values, SilhouetteScore = silhouette_scores)\n\n\n# Create an interactive plot for silhouette scores\nsilhouette_plot <- plot_ly(data = silhouette_data, x = ~K, y = ~SilhouetteScore, type = 'scatter', mode = 'lines+markers') %>%\n  layout(title = 'Silhouette Scores for Different Numbers of Clusters',\n         xaxis = list(title = 'Number of clusters k'),\n         yaxis = list(title = 'Silhouette Score'))\n\n# Print the silhouette plot\nsilhouette_plot\n\n# Function to generate interactive PCA plot for a given number of clusters k\ngenerate_pca_plot <- function(k) {\n  set.seed(10)\n  km_res <- kmeans(scaled_features, centers = k, nstart = 10)\n  pca_df$Cluster <- as.factor(km_res$cluster)\n\n  # Use the viridis color palette for the plot\n  colors <- viridis(length(unique(pca_df$Cluster)))\n\n  plot_ly(data = pca_df, x = ~PC1, y = ~PC2, color = ~Cluster, colors = colors,\n          type = 'scatter', mode = 'markers', marker = list(size = 10)) %>%\n    layout(title = paste('PCA-Reduced Data with', k, 'Clusters'),\n           xaxis = list(title = 'Principal Component 1'),\n           yaxis = list(title = 'Principal Component 2'))\n}\n\n# You can't create a slider like in ipywidgets, but you can generate the plot for a specific k\n# For example, for k = 3\npca_plot <- generate_pca_plot(5)\npca_plot\n\n```\n\n## **Interactive Clustering Visualization**\n\nTo truly grasp the dynamic nature of music data clustering, we have created an interactive visualization that illustrates how the grouping of songs evolves as the number of clusters changes. This interactive experience is captured in the video below, where a slider allows us to vary the number of clusters (k) and observe the impact on the PCA-reduced space in real time.\n\nThe silhouette score accompanies each variation in k, providing a quantitative measure of how well the songs are grouped within each cluster. As the slider moves, pay attention to how certain clusters may split or merge, and how the silhouette score reflects the cohesion and separation of the data points. This is a powerful demonstration of finding the optimal balance between too few and too many clusters, where each song is a story, and each cluster is a collection of narratives bound by similarity in musical features.\n\nThe video offers a glimpse into the analytical process that drives our understanding of complex datasets. It's not just about the algorithms and numbers; it's about the patterns and stories they reveal.\n\n![](images/Screenshot 2023-11-29 at 10.53.20 AM.png){width=\"638\"}\n\n![](images/Screenshot 2023-11-29 at 10.54.28 AM.png){width=\"662\"}\n\n![](images/Screenshot 2023-11-29 at 10.55.08 AM.png)\n\n## **Lyrical Landscapes: Unveiling Trends Through Text Analysis**\n\nOur lyrical journey reveals the linguistic heart of a decade's music. By meticulously cleaning and tokenizing the lyrics from our dataset, we've distilled the essence of thousands of songs into their core verbal components. This process strips away common stopwords and extraneous content, focusing on the meaningful language that artists use to express emotion and narrative.\n\n```{r, echo = False}\nlibrary(tm)\nlibrary(wordcloud)\nlibrary(RColorBrewer)\nlibrary(readxl)\n\n\n\n# Load the data\ncleaned_df <- read_excel('lyrics_clean_final.xlsx')\n\n# Define a cleaning function\nclean_and_tokenize <- function(lyrics) {\n  # Remove custom patterns\n  lyrics <- gsub('âï¸.*// .[MK]', '', lyrics)\n  lyrics <- gsub('ð¸.*// .[MK]', '', lyrics)\n  \n  # Convert to lowercase\n  lyrics <- tolower(lyrics)\n  \n  # Remove punctuation\n  lyrics <- removePunctuation(lyrics)\n  \n  # Tokenize\n  tokens <- unlist(strsplit(lyrics, \"\\\\s+\"))\n  \n  # Remove stopwords\n  tokens <- tokens[!tokens %in% stopwords(\"en\")]\n  \n  # Additional custom stopwords\n  custom_stopwords <- c('im', 'dont', 'youre', 'cant', 'aint', 'gon', 'wanna', 'gotta', 'na', 'gonna', 'lemme', 'got', 'ive', 'thats', 'theres', 'k', 'ft')\n  tokens <- tokens[!tokens %in% custom_stopwords]\n  \n  # Return only alphabetic tokens\n  tokens <- tokens[grepl(\"^[[:alpha:]]+$\", tokens)]\n  \n  return(tokens)\n}\n\n# Apply the cleaning function to the lyrics column\ncleaned_df$tokens <- sapply(cleaned_df$cleaned_lyrics_v3, clean_and_tokenize, USE.NAMES = FALSE)\n\n# Unlist and create a table of word frequencies\nword_freq <- table(unlist(cleaned_df$tokens))\n\n# Sort and find the top 30 words\ntop_words <- sort(word_freq, decreasing = TRUE)[1:30]\n\n# For visualization, we'll need the 'wordcloud' library\nlibrary(wordcloud)\n\n# Create a word cloud for the top 30 words\nwordcloud(names(top_words), freq = top_words, min.freq = 1,\n          max.words = 100, random.order = FALSE, rot.per = 0.35,\n          colors = brewer.pal(8, \"Dark2\"))\n\n```\n\n![](images/Screenshot 2023-11-29 at 11.24.17 AM.png)\n\n**The top words, tells the story of a decade's hopes, dreams, fears, and joys, all echoed in the lyrics we sing.**\n\n```{r, echo = False}\nlibrary(dplyr)\n\n# Assuming your cleaned_df has 'Year' and 'cleaned_lyrics_v3' columns\nyears <- unique(cleaned_df$Year)\n\n# Initialize a dataframe to store top words and frequencies for each year\ntop_words_df <- data.frame(Year = integer(), Word = character(), Frequency = integer())\n\nfor (year in years) {\n  # Subset the data for the year\n  year_data <- subset(cleaned_df, Year == year)\n\n  # Apply the cleaning function to the lyrics column\n  tokens <- unlist(sapply(year_data$cleaned_lyrics_v3, clean_and_tokenize, USE.NAMES = FALSE))\n\n  # Create a table of word frequencies for the year\n  word_freq <- table(tokens)\n\n  # Sort and get the top words (e.g., top 10 words)\n  top_words <- sort(word_freq, decreasing = TRUE)[1:10]\n\n  # Create a dataframe for the year\n  year_top_words_df <- data.frame(Year = year, Word = names(top_words), Frequency = as.integer(top_words))\n\n  # Combine with the main dataframe\n  top_words_df <- rbind(top_words_df, year_top_words_df)\n}\n\n# View the dataframe\nprint(top_words_df)\n\n```\n\n## **Sentiment Analysis of Song Lyrics Over the Years**\n\nThe sentiment analysis graph presented here offers an insightful look into the emotional undertones of song lyrics over a span of years. By applying natural language processing techniques, we've quantified the average sentiment score of songs for each year, revealing how the emotional content of music has fluctuated over time.\n\nSentiment scores typically range from negative to positive, reflecting a spectrum of emotions that can be conveyed through lyrics. A higher average score suggests a prevalence of positive sentiments such as joy and happiness, while a lower score might indicate more negative emotions like sadness or anger.\n\n![](images/Screenshot 2023-11-29 at 11.27.30 AM.png)\n\n## \n","srcMarkdownNoYaml":"\n\nWelcome to '***Harmonizing Data: A Decade in Music***,' where we dive into a decade's worth of music data to uncover evolving trends and patterns. This interactive dashboard brings to life a comprehensive analysis of music albums and song lyrics from 2013 to 2023, utilizing advanced data science techniques.\n\nOne of our key methods is **K-means clustering**, a powerful algorithm used to group albums based on similarities in audio features like '*acousticness', 'energy', 'loudness', 'danceability', 'instrumentalness', 'speechiness', 'valence', and 'tempo'* for a track.\n\nThrough this, we explore how albums cluster together and what these clusters reveal about the music landscape. Accompanying this is our text analysis of song lyrics, where we delve into the words and themes that define a decade of music.\n\nJoin us as we unravel the story behind the data, offering insights into the dynamics of the music industry through an interactive and engaging experience.\n\n### Data Sources\n\n#### Our analysis is powered by data from various sources , we used\n\n1.  Billboard's 10 years of Hot 100 Songs\n\n2.  Genius for Lyrics\n\n3.  Spotify and Discogg for Music features and Album Details\n\n![](images/Spotify_Logo_CMYK_Green.png){width=\"236\"}\\\n\n![](images/Billboard-logo-magazine.jpg){width=\"266\"}\n\n![](images/Discogs_logo_black.svg.png){width=\"312\"}\n\n![](images/Geniusapi.png)\n\n**Here's a visual representation of the distribution of various audio features across all albums in our dataset.**\n\n**Each histogram depicts the frequency of albums with specific levels of a given feature, and the overlaid density plot smoothens the distribution to highlight the shape of the data. The red dashed line indicates the average value of each feature, providing a benchmark for comparison.**\n\n\\\n\n![](images/plot _feature-01.png){width=\"736\" height=\"538\"}\n\nThe histograms displayed here showcase the diversity of audio features found in a decade's worth of music. These features, which include Acousticness, Energy, Loudness, Danceability, Instrumentalness, Speechiness, Valence, and Tempo, are key to understanding what makes each song unique. The density plots provide a smooth curve representing the distribution of each feature, while the red dashed lines mark the mean, serving as a quick reference to the typical values within each feature's range.\n\nBy examining these distributions, we gain insights into the common audio profiles of popular music tracks and how they contribute to the listener's experience.\n\n# Clustering Analysis in 'Harmonizing Data: A Decade in Music'\n\nTo understand the evolving landscape of music over the past decade, we've employed K-means clustering, a robust algorithm ideal for grouping data based on shared characteristics. In this section, we explore how this technique has helped us identify unique patterns and groupings in music albums, based on a diverse range of audio features.\n\n## Methodology\n\nK-means clustering allows us to segment albums into distinct clusters based on their audio features such as 'acousticness', 'energy', 'loudness', 'danceability', 'instrumentalness', 'speechiness', 'valence', and 'tempo'. This unsupervised machine learning technique iteratively assigns each album to the nearest cluster, based on the similarity of its features to the cluster's centroid.\n\n## **Principal Component Analysis (PCA) of Song Features**\n\nThe PCA plot displayed here visually represents the multifaceted nature of musical tracks based on their audio features. By reducing the complexity of our dataset to two principal components, we can observe the variance and relationships between songs in a simplified two-dimensional space.\n\nEach point on the plot corresponds to a song, color-coded by its genre, allowing us to discern how different genres of music are distributed and to identify any inherent clustering. For instance, we can see how certain genres like Jazz and Blues share a similar space, suggesting commonalities in their audio characteristics. Conversely, genres like Hip Hop and Electronic are more dispersed, indicating a wider variety in their musical features.\n\nThis brings into focus the subtle yet significant differences and similarities across genres. It's a testament to the diversity of music and its ability to transcend simple categorization, reflecting a complex tapestry of rhythm, melody, and emotion that defines a decade of musical innovation.\n\n```{r, echo=FALSE}\n# Read in the data\ngenre_df <- read.csv(\"features_available_df_genre1.csv\")\n\n# Selecting relevant features for clustering\nfeature_cols <- c('danceability', 'energy', 'key', 'loudness', 'mode', 'speechiness', 'acousticness', 'instrumentalness', 'liveness', 'valence', 'tempo')\nfeatures_df <- genre_df[, feature_cols]\n\n# Standardizing the features\nscaled_features <- scale(features_df)\n\n\n# Perform PCA\npca_res <- prcomp(scaled_features)\n\n# Get the scores for the first two principal components\npca_scores <- data.frame(pca_res$x[, 1:2])\ncolnames(pca_scores) <- c('PC1', 'PC2')\n\n```\n\n```{r, echo=FALSE}\nlibrary(plotly)\n\n# Prepare the data\npca_df <- cbind(pca_scores, track=genre_df$Track, genre=genre_df$Genres, artist=genre_df$Artist)\n\n# Create the PCA plot using ggplot2\np <- ggplot(pca_df, aes(x=PC1, y=PC2, color=genre, text=paste(\"Track: \", track, \"<br>Genre: \", genre, \"<br>Artist: \", artist))) +\n    geom_point() +\n    theme_minimal() +\n    labs(title='PCA of Song Features', x='Principal Component 1', y='Principal Component 2')\n\n# Convert to an interactive plotly object\np_interactive <- ggplotly(p, tooltip=\"text\")\n\n# Display the interactive plot\np_interactive\n\n```\n\nThrough this analysis, we've uncovered fascinating patterns in how albums are grouped, shedding light on the relationships between different genres, artist styles, and the evolution of music over time.\n\n## **Determining Optimal Clusters with the Elbow Method**\n\n```{r, echo=FALSE}\nlibrary(ggplot2)\n\n# Assuming 'scaled_features' is a matrix or dataframe of your standardized features\nscaled_features <- as.matrix(scaled_features)  # Convert to matrix if it's not already\n\nwcss <- numeric(10)\nfor (i in 1:10) {\n  set.seed(22)\n  kmeans_result <- kmeans(scaled_features, centers = i, nstart = 10)\n  wcss[i] <- kmeans_result$tot.withinss\n}\n\n# Create a data frame for plotting\nelbow_data <- data.frame(\n  NumClusters = 1:10,\n  WCSS = wcss\n)\n\n# Create the elbow plot\nelbow_plot <- ggplot(elbow_data, aes(x = NumClusters, y = WCSS)) +\n  geom_line() +\n  geom_point() +\n  theme_minimal() +\n  ggtitle('Elbow Method') +\n  xlab('Number of clusters') +\n  ylab('WCSS')\n\n# Print the plot\nprint(elbow_plot)\n\n```\n\n## \n\nIn our clustering analysis, determining the optimal number of clusters is crucial for meaningful segmentation. The elbow method is a visual tool used to estimate the number of clusters in which the variance Within the clusters (WCSS) starts to diminish. In the plot, we look for a point where the decrease in WCSS slows down significantly, indicating a balance between the number of clusters and the sum of squared distances to the cluster centroids.\n\nAs we increase the number of clusters from 1 to 10, the WCSS decreases sharply at first and then begins to level off. This 'elbow' point suggests an optimal number of clusters beyond which adding more clusters does not contribute to a significant decrease in WCSS, hence providing diminishing returns.\n\nBy analyzing the elbow plot, we can select an appropriate number of clusters for K-means to segment our music data, ensuring our analysis is both robust and insightful.\n\n## **Interactive Visualization of Clusters on PCA-Reduced Data**\n\nOur dataset's dimensionality has been reduced to two principal components, providing a simplified yet informative landscape of our musical features space. To visualize how different songs group together, we apply K-means clustering and project the resulting clusters onto our PCA-reduced space.\n\nThe interactive plot below shows songs as points in this space, color-coded by their assigned cluster. By observing how these clusters form and where they are located relative to each other, we can infer the natural groupings within the dataset and even speculate on the characteristics that define each cluster.\n\nHover over the points to see additional information about each song, such as its genre, artist, and original feature values. This interactive element adds depth to our analysis, allowing us to explore the data in a more dynamic and engaging way.\n\n```{r , echo=FALSE}\n\nlibrary(cluster)\nlibrary(plotly)\nlibrary(viridis)\n\n# Assuming 'scaled_features' is your standardized features matrix/data frame\n# and 'pca_df' contains your PCA components and original data\n\n# Calculate silhouette scores for a range of k values\nk_values <- 2:10\nsilhouette_scores <- numeric(length(k_values))\n\nfor (k in k_values) {\n  set.seed(10)\n  km_res <- kmeans(scaled_features, centers = k, nstart = 10)\n  silhouette_widths <- silhouette(km_res$cluster, dist(scaled_features))\n  average_silhouette <- mean(silhouette_widths[, \"sil_width\"])\n  silhouette_scores[k-1] <- average_silhouette\n}\n\n# Convert silhouette scores to a data frame for plotting\nsilhouette_data <- data.frame(K = k_values, SilhouetteScore = silhouette_scores)\n\n\n# Create an interactive plot for silhouette scores\nsilhouette_plot <- plot_ly(data = silhouette_data, x = ~K, y = ~SilhouetteScore, type = 'scatter', mode = 'lines+markers') %>%\n  layout(title = 'Silhouette Scores for Different Numbers of Clusters',\n         xaxis = list(title = 'Number of clusters k'),\n         yaxis = list(title = 'Silhouette Score'))\n\n# Print the silhouette plot\nsilhouette_plot\n\n# Function to generate interactive PCA plot for a given number of clusters k\ngenerate_pca_plot <- function(k) {\n  set.seed(10)\n  km_res <- kmeans(scaled_features, centers = k, nstart = 10)\n  pca_df$Cluster <- as.factor(km_res$cluster)\n\n  # Use the viridis color palette for the plot\n  colors <- viridis(length(unique(pca_df$Cluster)))\n\n  plot_ly(data = pca_df, x = ~PC1, y = ~PC2, color = ~Cluster, colors = colors,\n          type = 'scatter', mode = 'markers', marker = list(size = 10)) %>%\n    layout(title = paste('PCA-Reduced Data with', k, 'Clusters'),\n           xaxis = list(title = 'Principal Component 1'),\n           yaxis = list(title = 'Principal Component 2'))\n}\n\n# You can't create a slider like in ipywidgets, but you can generate the plot for a specific k\n# For example, for k = 3\npca_plot <- generate_pca_plot(5)\npca_plot\n\n```\n\n## **Interactive Clustering Visualization**\n\nTo truly grasp the dynamic nature of music data clustering, we have created an interactive visualization that illustrates how the grouping of songs evolves as the number of clusters changes. This interactive experience is captured in the video below, where a slider allows us to vary the number of clusters (k) and observe the impact on the PCA-reduced space in real time.\n\nThe silhouette score accompanies each variation in k, providing a quantitative measure of how well the songs are grouped within each cluster. As the slider moves, pay attention to how certain clusters may split or merge, and how the silhouette score reflects the cohesion and separation of the data points. This is a powerful demonstration of finding the optimal balance between too few and too many clusters, where each song is a story, and each cluster is a collection of narratives bound by similarity in musical features.\n\nThe video offers a glimpse into the analytical process that drives our understanding of complex datasets. It's not just about the algorithms and numbers; it's about the patterns and stories they reveal.\n\n![](images/Screenshot 2023-11-29 at 10.53.20 AM.png){width=\"638\"}\n\n![](images/Screenshot 2023-11-29 at 10.54.28 AM.png){width=\"662\"}\n\n![](images/Screenshot 2023-11-29 at 10.55.08 AM.png)\n\n## **Lyrical Landscapes: Unveiling Trends Through Text Analysis**\n\nOur lyrical journey reveals the linguistic heart of a decade's music. By meticulously cleaning and tokenizing the lyrics from our dataset, we've distilled the essence of thousands of songs into their core verbal components. This process strips away common stopwords and extraneous content, focusing on the meaningful language that artists use to express emotion and narrative.\n\n```{r, echo = False}\nlibrary(tm)\nlibrary(wordcloud)\nlibrary(RColorBrewer)\nlibrary(readxl)\n\n\n\n# Load the data\ncleaned_df <- read_excel('lyrics_clean_final.xlsx')\n\n# Define a cleaning function\nclean_and_tokenize <- function(lyrics) {\n  # Remove custom patterns\n  lyrics <- gsub('âï¸.*// .[MK]', '', lyrics)\n  lyrics <- gsub('ð¸.*// .[MK]', '', lyrics)\n  \n  # Convert to lowercase\n  lyrics <- tolower(lyrics)\n  \n  # Remove punctuation\n  lyrics <- removePunctuation(lyrics)\n  \n  # Tokenize\n  tokens <- unlist(strsplit(lyrics, \"\\\\s+\"))\n  \n  # Remove stopwords\n  tokens <- tokens[!tokens %in% stopwords(\"en\")]\n  \n  # Additional custom stopwords\n  custom_stopwords <- c('im', 'dont', 'youre', 'cant', 'aint', 'gon', 'wanna', 'gotta', 'na', 'gonna', 'lemme', 'got', 'ive', 'thats', 'theres', 'k', 'ft')\n  tokens <- tokens[!tokens %in% custom_stopwords]\n  \n  # Return only alphabetic tokens\n  tokens <- tokens[grepl(\"^[[:alpha:]]+$\", tokens)]\n  \n  return(tokens)\n}\n\n# Apply the cleaning function to the lyrics column\ncleaned_df$tokens <- sapply(cleaned_df$cleaned_lyrics_v3, clean_and_tokenize, USE.NAMES = FALSE)\n\n# Unlist and create a table of word frequencies\nword_freq <- table(unlist(cleaned_df$tokens))\n\n# Sort and find the top 30 words\ntop_words <- sort(word_freq, decreasing = TRUE)[1:30]\n\n# For visualization, we'll need the 'wordcloud' library\nlibrary(wordcloud)\n\n# Create a word cloud for the top 30 words\nwordcloud(names(top_words), freq = top_words, min.freq = 1,\n          max.words = 100, random.order = FALSE, rot.per = 0.35,\n          colors = brewer.pal(8, \"Dark2\"))\n\n```\n\n![](images/Screenshot 2023-11-29 at 11.24.17 AM.png)\n\n**The top words, tells the story of a decade's hopes, dreams, fears, and joys, all echoed in the lyrics we sing.**\n\n```{r, echo = False}\nlibrary(dplyr)\n\n# Assuming your cleaned_df has 'Year' and 'cleaned_lyrics_v3' columns\nyears <- unique(cleaned_df$Year)\n\n# Initialize a dataframe to store top words and frequencies for each year\ntop_words_df <- data.frame(Year = integer(), Word = character(), Frequency = integer())\n\nfor (year in years) {\n  # Subset the data for the year\n  year_data <- subset(cleaned_df, Year == year)\n\n  # Apply the cleaning function to the lyrics column\n  tokens <- unlist(sapply(year_data$cleaned_lyrics_v3, clean_and_tokenize, USE.NAMES = FALSE))\n\n  # Create a table of word frequencies for the year\n  word_freq <- table(tokens)\n\n  # Sort and get the top words (e.g., top 10 words)\n  top_words <- sort(word_freq, decreasing = TRUE)[1:10]\n\n  # Create a dataframe for the year\n  year_top_words_df <- data.frame(Year = year, Word = names(top_words), Frequency = as.integer(top_words))\n\n  # Combine with the main dataframe\n  top_words_df <- rbind(top_words_df, year_top_words_df)\n}\n\n# View the dataframe\nprint(top_words_df)\n\n```\n\n## **Sentiment Analysis of Song Lyrics Over the Years**\n\nThe sentiment analysis graph presented here offers an insightful look into the emotional undertones of song lyrics over a span of years. By applying natural language processing techniques, we've quantified the average sentiment score of songs for each year, revealing how the emotional content of music has fluctuated over time.\n\nSentiment scores typically range from negative to positive, reflecting a spectrum of emotions that can be conveyed through lyrics. A higher average score suggests a prevalence of positive sentiments such as joy and happiness, while a lower score might indicate more negative emotions like sadness or anger.\n\n![](images/Screenshot 2023-11-29 at 11.27.30 AM.png)\n\n## \n"},"formats":{"html":{"identifier":{"display-name":"HTML","target-format":"html","base-format":"html"},"execute":{"fig-width":7,"fig-height":5,"fig-format":"retina","fig-dpi":96,"df-print":"default","error":false,"eval":true,"cache":null,"freeze":false,"echo":true,"output":true,"warning":true,"include":true,"keep-md":false,"keep-ipynb":false,"ipynb":null,"enabled":null,"daemon":null,"daemon-restart":false,"debug":false,"ipynb-filters":[],"engine":"knitr"},"render":{"keep-tex":false,"keep-source":false,"keep-hidden":false,"prefer-html":false,"output-divs":true,"output-ext":"html","fig-align":"default","fig-pos":null,"fig-env":null,"code-fold":"none","code-overflow":"scroll","code-link":false,"code-line-numbers":false,"code-tools":false,"tbl-colwidths":"auto","merge-includes":true,"inline-includes":false,"preserve-yaml":false,"latex-auto-mk":true,"latex-auto-install":true,"latex-clean":true,"latex-max-runs":10,"latex-makeindex":"makeindex","latex-makeindex-opts":[],"latex-tlmgr-opts":[],"latex-input-paths":[],"latex-output-dir":null,"link-external-icon":false,"link-external-newwindow":false,"self-contained-math":false,"format-resources":[],"notebook-links":true,"format-links":true},"pandoc":{"standalone":true,"wrap":"none","default-image-extension":"png","to":"html","css":["styles.css"],"toc":true,"output-file":"about.html"},"language":{"toc-title-document":"Table of contents","toc-title-website":"On this page","related-formats-title":"Other Formats","related-notebooks-title":"Notebooks","source-notebooks-prefix":"Source","section-title-abstract":"Abstract","section-title-appendices":"Appendices","section-title-footnotes":"Footnotes","section-title-references":"References","section-title-reuse":"Reuse","section-title-copyright":"Copyright","section-title-citation":"Citation","appendix-attribution-cite-as":"For attribution, please cite this work as:","appendix-attribution-bibtex":"BibTeX citation:","title-block-author-single":"Author","title-block-author-plural":"Authors","title-block-affiliation-single":"Affiliation","title-block-affiliation-plural":"Affiliations","title-block-published":"Published","title-block-modified":"Modified","callout-tip-title":"Tip","callout-note-title":"Note","callout-warning-title":"Warning","callout-important-title":"Important","callout-caution-title":"Caution","code-summary":"Code","code-tools-menu-caption":"Code","code-tools-show-all-code":"Show All Code","code-tools-hide-all-code":"Hide All Code","code-tools-view-source":"View Source","code-tools-source-code":"Source Code","code-line":"Line","code-lines":"Lines","copy-button-tooltip":"Copy to Clipboard","copy-button-tooltip-success":"Copied!","repo-action-links-edit":"Edit this page","repo-action-links-source":"View source","repo-action-links-issue":"Report an issue","back-to-top":"Back to top","search-no-results-text":"No results","search-matching-documents-text":"matching documents","search-copy-link-title":"Copy link to search","search-hide-matches-text":"Hide additional matches","search-more-match-text":"more match in this document","search-more-matches-text":"more matches in this document","search-clear-button-title":"Clear","search-detached-cancel-button-title":"Cancel","search-submit-button-title":"Submit","search":"Search","toggle-section":"Toggle section","toggle-sidebar":"Toggle sidebar navigation","toggle-dark-mode":"Toggle dark mode","toggle-reader-mode":"Toggle reader mode","toggle-navigation":"Toggle navigation","crossref-fig-title":"Figure","crossref-tbl-title":"Table","crossref-lst-title":"Listing","crossref-thm-title":"Theorem","crossref-lem-title":"Lemma","crossref-cor-title":"Corollary","crossref-prp-title":"Proposition","crossref-cnj-title":"Conjecture","crossref-def-title":"Definition","crossref-exm-title":"Example","crossref-exr-title":"Exercise","crossref-ch-prefix":"Chapter","crossref-apx-prefix":"Appendix","crossref-sec-prefix":"Section","crossref-eq-prefix":"Equation","crossref-lof-title":"List of Figures","crossref-lot-title":"List of Tables","crossref-lol-title":"List of Listings","environment-proof-title":"Proof","environment-remark-title":"Remark","environment-solution-title":"Solution","listing-page-order-by":"Order By","listing-page-order-by-default":"Default","listing-page-order-by-date-asc":"Oldest","listing-page-order-by-date-desc":"Newest","listing-page-order-by-number-desc":"High to Low","listing-page-order-by-number-asc":"Low to High","listing-page-field-date":"Date","listing-page-field-title":"Title","listing-page-field-description":"Description","listing-page-field-author":"Author","listing-page-field-filename":"File Name","listing-page-field-filemodified":"Modified","listing-page-field-subtitle":"Subtitle","listing-page-field-readingtime":"Reading Time","listing-page-field-categories":"Categories","listing-page-minutes-compact":"{0} min","listing-page-category-all":"All","listing-page-no-matches":"No matching items"},"metadata":{"lang":"en","fig-responsive":true,"quarto-version":"1.3.353","editor":"visual","theme":"cosmo","title":"About"},"extensions":{"book":{"multiFile":true}}}},"projectFormats":["html"]}